Mandal,Revenue_Division,District
Ananthagiri,Paderu,Alluri Sitharama Raju
Araku Valley,Paderu,Alluri Sitharama Raju
Chintapalle,Paderu,Alluri Sitharama Raju
Dumbriguda,Paderu,Alluri Sitharama Raju
G. Madugula,Paderu,Alluri Sitharama Raju
Gudem Kotha Veedhi,Paderu,Alluri Sitharama Raju
Hukumpeta,Paderu,Alluri Sitharama Raju
Koyyuru,Paderu,Alluri Sitharama Raju
Munchingi Puttu,Paderu,Alluri Sitharama Raju
Paderu,Paderu,Alluri Sitharama Raju
Peda Bayalu,Paderu,Alluri Sitharama Raju
Atchutapuram,Adduroad Junction,Anakapalli
Elamanchili,Adduroad Junction,Anakapalli
Kotauratla,Adduroad Junction,Anakapalli
Nakkapalle,Adduroad Junction,Anakapalli
Payakaraopeta,Adduroad Junction,Anakapalli
Rambilli,Adduroad Junction,Anakapalli
Sarvasiddhi Rayavaram,Adduroad Junction,Anakapalli
Anakapalle,Anakapalli,Anakapalli
Butchayyapeta,Anakapalli,Anakapalli
Cheedikada,Anakapalli,Anakapalli
Chodavaram,Anakapalli,Anakapalli
Devarapalli,Anakapalli,Anakapalli
K.Kotapadu,Anakapalli,Anakapalli
Kasimkota,Anakapalli,Anakapalli
Munagapaka,Anakapalli,Anakapalli
Paravada,Anakapalli,Anakapalli
Sabbavaram,Anakapalli,Anakapalli
Golugonda,Narasipatnam,Anakapalli
Madugula,Narasipatnam,Anakapalli
Makavarapalem,Narasipatnam,Anakapalli
Narsipatnam,Narasipatnam,Anakapalli
Nathavaram,Narasipatnam,Anakapalli
Ravikamatham,Narasipatnam,Anakapalli
Rolugunta,Narasipatnam,Anakapalli
Anantapur,Anantapur,Ananthapuramu
Atmakur,Anantapur,Ananthapuramu
Bukkaraya Samudram,Anantapur,Ananthapuramu
Garladinne,Anantapur,Ananthapuramu
Kudair,Anantapur,Ananthapuramu
Narpala,Anantapur,Ananthapuramu
Peddapappur,Anantapur,Ananthapuramu
Putlur,Anantapur,Ananthapuramu
Raptadu,Anantapur,Ananthapuramu
Singanamala,Anantapur,Ananthapuramu
Tadipatri,Anantapur,Ananthapuramu
Yellanur,Anantapur,Ananthapuramu
Gooty,Guntakal,Ananthapuramu
Guntakal,Guntakal,Ananthapuramu
Pamidi,Guntakal,Ananthapuramu
Peddavadugur,Guntakal,Ananthapuramu
Uravakonda,Guntakal,Ananthapuramu
Vajrakarur,Guntakal,Ananthapuramu
Vidapanakal,Guntakal,Ananthapuramu
Yadiki,Guntakal,Ananthapuramu
Beluguppa,Kalyanadurg,Ananthapuramu
Bommanahal,Kalyanadurg,Ananthapuramu
Brahmasamudram,Kalyanadurg,Ananthapuramu
D.Hirehal,Kalyanadurg,Ananthapuramu
Gummagatta,Kalyanadurg,Ananthapuramu
Kalyandurg,Kalyanadurg,Ananthapuramu
Kambadur,Kalyanadurg,Ananthapuramu
Kanekal,Kalyanadurg,Ananthapuramu
Kundurpi,Kalyanadurg,Ananthapuramu
Rayadurg,Kalyanadurg,Ananthapuramu
Settur,Kalyanadurg,Ananthapuramu
Beerangi Kothakota,Madanapalle,Annamayya
Chowdepalle,Madanapalle,Annamayya
Kurabalakota,Madanapalle,Annamayya
Madanapalle,Madanapalle,Annamayya
Mulakalacheruvu,Madanapalle,Annamayya
Nimmanapalle,Madanapalle,Annamayya
Peddamandyam,Madanapalle,Annamayya
Peddathippasamudram,Madanapalle,Annamayya
Punganur,Madanapalle,Annamayya
Ramasamudram,Madanapalle,Annamayya
Thamballapalle,Madanapalle,Annamayya
Gurramkonda,Pileru,Annamayya
Kalakada,Pileru,Annamayya
Kalikiri,Pileru,Annamayya
Kambhamvaripalle,Pileru,Annamayya
Pileru,Pileru,Annamayya
Sodam,Pileru,Annamayya
Somala,Pileru,Annamayya
Vayalpad,Pileru,Annamayya
Chinnamandyam,Rayachoti,Annamayya
Galiveedu,Rayachoti,Annamayya
Lakkireddipalli,Rayachoti,Annamayya
Ramapuram,Rayachoti,Annamayya
Rayachoti,Rayachoti,Annamayya
Sambepalli,Rayachoti,Annamayya
Bapatla,Bapatla,Bapatla
Karlapalem,Bapatla,Bapatla
Martur,Bapatla,Bapatla
Parchur,Bapatla,Bapatla
Pittalavanipalem,Bapatla,Bapatla
Yeddanapudi,Bapatla,Bapatla
Chinaganjam,Chirala,Bapatla
Chirala,Chirala,Bapatla
Inkollu,Chirala,Bapatla
Karamchedu,Chirala,Bapatla
Vetapalem,Chirala,Bapatla
Amruthalur,Repalle,Bapatla
Bhattiprolu,Repalle,Bapatla
Cherukupalle,Repalle,Bapatla
Kolluru,Repalle,Bapatla
Nagaram,Repalle,Bapatla
Nizampatnam,Repalle,Bapatla
Repalle,Repalle,Bapatla
Tsundur,Repalle,Bapatla
Vemuru,Repalle,Bapatla
Bangarupalem,Chittoor,Chittoor
Chittoor,Chittoor,Chittoor
Chittoor Urban,Chittoor,Chittoor
Gangadhara Nellore,Chittoor,Chittoor
Gudipala,Chittoor,Chittoor
Irala,Chittoor,Chittoor
Penumuru,Chittoor,Chittoor
Pulicherla,Chittoor,Chittoor
Puthalapattu,Chittoor,Chittoor
Rompicherla,Chittoor,Chittoor
Sri Rangaraja Puram,Chittoor,Chittoor
Thavanampalle,Chittoor,Chittoor
Vedurukuppam,Chittoor,Chittoor
Yadamarri,Chittoor,Chittoor
Kuppam,Kuppam,Chittoor
Ramakuppam,Kuppam,Chittoor
Santhipuram,Kuppam,Chittoor
Gudipalle,Kuppam,Chittoor
Nagari,Nagari,Chittoor
Nindra,Nagari,Chittoor
Palasamudram,Nagari,Chittoor
Vijayapuram,Nagari,Chittoor
Karvetinagar,Nagari,Chittoor
Baireddipalle,Palamaner,Chittoor
Gangavaram,Palamaner,Chittoor
Palamaner,Palamaner,Chittoor
Peddapanjani,Palamaner,Chittoor
Venkatagirikota,Palamaner,Chittoor
Allavaram,Amalapuram,Konaseema
Amalapuram,Amalapuram,Konaseema
I. Polavaram,Amalapuram,Konaseema
Katrenikona,Amalapuram,Konaseema
Malikipuram,Amalapuram,Konaseema
Mamidikuduru,Amalapuram,Konaseema
Mummidivaram,Amalapuram,Konaseema
Razole,Amalapuram,Konaseema
Sakhinetipalle,Amalapuram,Konaseema
Uppalaguptam,Amalapuram,Konaseema
Ainavilli,Kothapeta,Konaseema
Alamuru,Kothapeta,Konaseema
Ambajipeta,Kothapeta,Konaseema
Atreyapuram,Kothapeta,Konaseema
Kothapeta,Kothapeta,Konaseema
P. Gannavaram,Kothapeta,Konaseema
Ravulapalem,Kothapeta,Konaseema
K. Gangavaram,Ramachandrapuram,Konaseema
Kapileswarapuram,Ramachandrapuram,Konaseema
Mandapeta,Ramachandrapuram,Konaseema
Ramachandrapuram,Ramachandrapuram,Konaseema
Rayavaram,Ramachandrapuram,Konaseema
Chagallu,Kovvur,East Godavari
Devarapalle,Kovvur,East Godavari
Gopalapuram,Kovvur,East Godavari
Kovvur,Kovvur,East Godavari
Nallajerla,Kovvur,East Godavari
Nidadavole,Kovvur,East Godavari
Peravali,Kovvur,East Godavari
Tallapudi,Kovvur,East Godavari
Undrajavaram,Kovvur,East Godavari
Anaparthi,Rajahmundry,East Godavari
Biccavolu,Rajahmundry,East Godavari
Gokavaram,Rajahmundry,East Godavari
Kadiam,Rajahmundry,East Godavari
Korukonda,Rajahmundry,East Godavari
Rajahmundry Urban,Rajahmundry,East Godavari
Rajahmundry Rural,Rajahmundry,East Godavari
Rajanagaram,Rajahmundry,East Godavari
Rangampeta,Rajahmundry,East Godavari
Seethanagaram,Rajahmundry,East Godavari
Bhimadole,Eluru,Eluru
Denduluru,Eluru,Eluru
Eluru,Eluru,Eluru
Kaikalur,Eluru,Eluru
Kalidindi,Eluru,Eluru
Mandavalli,Eluru,Eluru
Mudinepalle,Eluru,Eluru
Nidamarru,Eluru,Eluru
Pedapadu,Eluru,Eluru
Pedavegi,Eluru,Eluru
Unguturu,Eluru,Eluru
Buttayagudem,Jangareddigudem,Eluru
Dwaraka Tirumala,Jangareddigudem,Eluru
Jangareddygudem,Jangareddigudem,Eluru
Jeelugu Milli,Jangareddigudem,Eluru
Kamavarapukota,Jangareddigudem,Eluru
Koyyalagudem,Jangareddigudem,Eluru
Kukunoor,Jangareddigudem,Eluru
Polavaram,Jangareddigudem,Eluru
T. Narasapuram,Jangareddigudem,Eluru
Velairpadu,Jangareddigudem,Eluru
Agiripalli,Nuzvid,Eluru
Chatrai,Nuzvid,Eluru
Chintalapudi,Nuzvid,Eluru
Lingapalem,Nuzvid,Eluru
Musunuru,Nuzvid,Eluru
Nuzvid,Nuzvid,Eluru
Guntur East,Guntur,Guntur
Guntur West,Guntur,Guntur
Medikonduru,Guntur,Guntur
Pedakakani,Guntur,Guntur
Pedanandipadu,Guntur,Guntur
Phirangipuram,Guntur,Guntur
Prathipadu,Guntur,Guntur
Tadikonda,Guntur,Guntur
Thullur,Guntur,Guntur
Vatticherukuru,Guntur,Guntur
Chebrolu,Tenali,Guntur
Duggirala,Tenali,Guntur
Kakumanu,Tenali,Guntur
Kollipara,Tenali,Guntur
Mangalagiri,Tenali,Guntur
Ponnur,Tenali,Guntur
Tadepalle,Tenali,Guntur
Tenali,Tenali,Guntur
Gollaprolu,Kakinada,Kakinada
Kajuluru,Kakinada,Kakinada
Kakinada Rural,Kakinada,Kakinada
Kakinada Urban,Kakinada,Kakinada
Karapa,Kakinada,Kakinada
Kothapalle,Kakinada,Kakinada
Pedapudi,Kakinada,Kakinada
Pithapuram,Kakinada,Kakinada
Thallarevu,Kakinada,Kakinada
Gandepalle,Peddapuram,Kakinada
Jaggampeta,Peddapuram,Kakinada
Kirlampudi,Peddapuram,Kakinada
Kotananduru,Peddapuram,Kakinada
Peddapuram,Peddapuram,Kakinada
Prathipadu,Peddapuram,Kakinada
Rowthulapudi,Peddapuram,Kakinada
Samalkota,Peddapuram,Kakinada
Sankhavaram,Peddapuram,Kakinada
Thondangi,Peddapuram,Kakinada
Tuni,Peddapuram,Kakinada
Yeleswaram,Peddapuram,Kakinada
Bapulapadu,Gudivada,Krishna
Gannavaram,Gudivada,Krishna
Gudivada,Gudivada,Krishna
Gudlavalleru,Gudivada,Krishna
Nandivada,Gudivada,Krishna
Pedaparupudi,Gudivada,Krishna
Unguturu,Gudivada,Krishna
Avanigadda,Machilipatnam,Krishna
Bantumilli,Machilipatnam,Krishna
Challapalli,Machilipatnam,Krishna
Ghantasala,Machilipatnam,Krishna
Guduru,Machilipatnam,Krishna
Koduru,Machilipatnam,Krishna
Kruthivennu,Machilipatnam,Krishna
Machilipatnam,Machilipatnam,Krishna
Mopidevi,Machilipatnam,Krishna
Nagayalanka,Machilipatnam,Krishna
Pedana,Machilipatnam,Krishna
Kankipadu,Vuyyuru,Krishna
Movva,Vuyyuru,Krishna
Pamarru,Vuyyuru,Krishna
Pamidimukkala,Vuyyuru,Krishna
Penamaluru,Vuyyuru,Krishna
Thotlavalluru,Vuyyuru,Krishna
Vuyyuru,Vuyyuru,Krishna
Adoni Urban,Adoni,Kurnool
Adoni Rural,Adoni,Kurnool
Gonegandla,Adoni,Kurnool
Holagunda,Adoni,Kurnool
Kosigi,Adoni,Kurnool
Kowthalam,Adoni,Kurnool
Mantralayam,Adoni,Kurnool
Nandavaram,Adoni,Kurnool
Pedda Kadubur,Adoni,Kurnool
Yemmiganur,Adoni,Kurnool
C.Belagal,Kurnool,Kurnool
Gudur,Kurnool,Kurnool
Kallur,Kurnool,Kurnool
Kodumur,Kurnool,Kurnool
Kurnool Urban,Kurnool,Kurnool
Kurnool Rural,Kurnool,Kurnool
Orvakal,Kurnool,Kurnool
Veldurthi,Kurnool,Kurnool
Alur,Pattikonda,Kurnool
Aspari,Pattikonda,Kurnool
Chippagiri,Pattikonda,Kurnool
Devanakonda,Pattikonda,Kurnool
Halaharvi,Pattikonda,Kurnool
Krishnagiri,Pattikonda,Kurnool
Maddikera East,Pattikonda,Kurnool
Pattikonda,Pattikonda,Kurnool
Tuggali,Pattikonda,Kurnool
Chandra Sekhara Puram,Kanigiri,Markapuram
Hanumanthuni Padu,Kanigiri,Markapuram
Kanigiri,Kanigiri,Markapuram
Pamur,Kanigiri,Markapuram
Pedacherlo Palle,Kanigiri,Markapuram
Veligandla,Kanigiri,Markapuram
Ardhaveedu,Markapur,Markapuram
Bestawaripeta,Markapur,Markapuram
Cumbum,Markapur,Markapuram
Dornala,Markapur,Markapuram
Giddalur,Markapur,Markapuram
Konakanamitla,Markapur,Markapuram
Komarolu,Markapur,Markapuram
Markapuram,Markapur,Markapuram
Peda Araveedu,Markapur,Markapuram
Pullalacheruvu,Markapur,Markapuram
Podili,Markapur,Markapuram
Racherla,Markapur,Markapuram
Tarlupadu,Markapur,Markapuram
Tripuranthakam,Markapur,Markapuram
Yerragondapalem,Markapur,Markapuram
Atmakur,Atmakur (Nandyal),Nandyal
Bandi Atmakur,Atmakur (Nandyal),Nandyal
Jupadu Bungalow,Atmakur (Nandyal),Nandyal
Kothapalle,Atmakur (Nandyal),Nandyal
Midthuru,Atmakur (Nandyal),Nandyal
Nandikotkur,Atmakur (Nandyal),Nandyal
Pagidyala,Atmakur (Nandyal),Nandyal
Pamulapadu,Atmakur (Nandyal),Nandyal
Srisailam,Atmakur (Nandyal),Nandyal
Velgodu,Atmakur (Nandyal),Nandyal
Banaganapalle,Banaganapalle,Nandyal
Koilkuntla,Banaganapalle,Nandyal
Kolimigundla,Banaganapalle,Nandyal
Owk,Banaganapalle,Nandyal
Sanjamala,Banaganapalle,Nandyal
Bethamcherla,Dhone,Nandyal
Dhone,Dhone,Nandyal
Peapally,Dhone,Nandyal
Allagadda,Nandyal,Nandyal
Chagalamarri,Nandyal,Nandyal
Dornipadu,Nandyal,Nandyal
Gadivemula,Nandyal,Nandyal
Gospadu,Nandyal,Nandyal
Mahanandi,Nandyal,Nandyal
Nandyal Rural,Nandyal,Nandyal
Nandyal Urban,Nandyal,Nandyal
Panyam,Nandyal,Nandyal
Rudravaram,Nandyal,Nandyal
Sirivella,Nandyal,Nandyal
Uyyalawada,Nandyal,Nandyal
Chandarlapadu,Nandigama,NTR
Jaggayyapeta,Nandigama,NTR
Kanchikacherla,Nandigama,NTR
Nandigama,Nandigama,NTR
Penuganchiprolu,Nandigama,NTR
Vatsavai,Nandigama,NTR
Veerullapadu,Nandigama,NTR
A. Konduru,Tiruvuru,NTR
Gampalagudem,Tiruvuru,NTR
Reddigudem,Tiruvuru,NTR
Tiruvuru,Tiruvuru,NTR
Vissannapeta,Tiruvuru,NTR
G.Konduru,Vijayawada,NTR
Ibrahimpatnam,Vijayawada,NTR
Mylavaram,Vijayawada,NTR
Vijayawada Rural,Vijayawada,NTR
Vijayawada North,Vijayawada,NTR
Vijayawada Central,Vijayawada,NTR
Vijayawada East,Vijayawada,NTR
Vijayawada West,Vijayawada,NTR
Dachepalle,Gurazala,Palnadu
Durgi,Gurazala,Palnadu
Gurazala,Gurazala,Palnadu
Karempudi,Gurazala,Palnadu
Macherla,Gurazala,Palnadu
Machavaram,Gurazala,Palnadu
Piduguralla,Gurazala,Palnadu
Rentachintala,Gurazala,Palnadu
Veldurthi,Gurazala,Palnadu
Bollapalle,Narasaraopet,Palnadu
Chilakaluripet,Narasaraopet,Palnadu
Edlapadu,Narasaraopet,Palnadu
Ipuru,Narasaraopet,Palnadu
Nadendla,Narasaraopet,Palnadu
Narasaraopet,Narasaraopet,Palnadu
Nuzendla,Narasaraopet,Palnadu
Rompicherla,Narasaraopet,Palnadu
Savalyapuram,Narasaraopet,Palnadu
Vinukonda,Narasaraopet,Palnadu
Amaravathi,Settenapalli,Palnadu
Atchampet,Settenapalli,Palnadu
Bellamkonda,Settenapalli,Palnadu
Krosuru,Settenapalli,Palnadu
Muppalla,Settenapalli,Palnadu
Nekarikallu,Settenapalli,Palnadu
Pedakurapadu,Settenapalli,Palnadu
Rajupalem,Settenapalli,Palnadu
Sattenapalle,Settenapalli,Palnadu
Bhamini,Palakonda,Parvathipuram Manyam
Gummalakshmipuram,Palakonda,Parvathipuram Manyam
Jiyyammavalasa,Palakonda,Parvathipuram Manyam
Kurupam,Palakonda,Parvathipuram Manyam
Palakonda,Palakonda,Parvathipuram Manyam
Seethampeta,Palakonda,Parvathipuram Manyam
Veeraghattam,Palakonda,Parvathipuram Manyam
Balijipeta,Parvathipuram,Parvathipuram Manyam
Garugubilli,Parvathipuram,Parvathipuram Manyam
Komarada,Parvathipuram,Parvathipuram Manyam
Makkuva,Parvathipuram,Parvathipuram Manyam
Pachipenta,Parvathipuram,Parvathipuram Manyam
Parvathipuram,Parvathipuram,Parvathipuram Manyam
Salur,Parvathipuram,Parvathipuram Manyam
Seethanagaram,Parvathipuram,Parvathipuram Manyam
Chintur,Chinturu,Polavaram
Etapaka,Chinturu,Polavaram
Kunavaram,Chinturu,Polavaram
Vararamachandrapuram,Chinturu,Polavaram
Addateegala,Rampachodavaram,Polavaram
Devipatnam,Rampachodavaram,Polavaram
Gangavaram,Rampachodavaram,Polavaram
Gurthedu,Rampachodavaram,Polavaram
Maredumilli,Rampachodavaram,Polavaram
Rajavommangi,Rampachodavaram,Polavaram
Rampachodavaram,Rampachodavaram,Polavaram
Y. Ramavaram,Rampachodavaram,Polavaram
Korisapadu,Addanki,Prakasam
J. Panguluru,Addanki,Prakasam
Addanki,Addanki,Prakasam
Ballikurava,Addanki,Prakasam
Santhamaguluru,Addanki,Prakasam
Mundlamuru Ongole,Addanki,Prakasam
Thallur,Addanki,Prakasam
Darsi,Addanki,Prakasam
Donakonda Kanigiri,Addanki,Prakasam
Kurichedu,Addanki,Prakasam
Gudluru,Kandukur,Prakasam
Kandukuru,Kandukur,Prakasam
Lingasamudram,Kandukur,Prakasam
Ulavapadu,Kandukur,Prakasam
Marripudi,Kandukur,Prakasam
Ponnaluru,Kandukur,Prakasam
Voletivaripalem,Kandukur,Prakasam
Chimakurthi,Ongole,Prakasam
Kondapi,Ongole,Prakasam
Kotha Patnam,Ongole,Prakasam
Maddipadu,Ongole,Prakasam
Naguluppalapadu,Ongole,Prakasam
Ongole Urban,Ongole,Prakasam
Ongole Rural,Ongole,Prakasam
Santhanuthala Padu,Ongole,Prakasam
Singarayakonda,Ongole,Prakasam
Tangutur,Ongole,Prakasam
Zarugumilli,Ongole,Prakasam
Ananthasagaram,Atmakur (Nellore),Nellore
Anumasamudrampeta,Atmakur (Nellore),Nellore
Atmakur,Atmakur (Nellore),Nellore
Chejerla,Atmakur (Nellore),Nellore
Kaluvoya,Atmakur (Nellore),Nellore
Marripadu,Atmakur (Nellore),Nellore
Sangam,Atmakur (Nellore),Nellore
Sitarampuramu,Atmakur (Nellore),Nellore
Udayagiri,Atmakur (Nellore),Nellore
Gudur,Gudur,Nellore
Chillakur,Gudur,Nellore
Kota,Gudur,Nellore
"Allur, Nellore district",Kavali,Nellore
Bogolu,Kavali,Nellore
Dagadarthi,Kavali,Nellore
Duttaluru,Kavali,Nellore
Jaladanki,Kavali,Nellore
Kaligiri,Kavali,Nellore
Kavali,Kavali,Nellore
Kodavaluru,Kavali,Nellore
Vidavaluru,Kavali,Nellore
Vinjamuru,Kavali,Nellore
Buchireddypalem,Nellore,Nellore
Indukurpet,Nellore,Nellore
Kovur,Nellore,Nellore
Manubolu,Nellore,Nellore
Muttukuru,Nellore,Nellore
Nellore Urban,Nellore,Nellore
Nellore Rural,Nellore,Nellore
Podalakuru,Nellore,Nellore
Rapuru,Nellore,Nellore
Saidapuramu,Nellore,Nellore
Thotapalligudur,Nellore,Nellore
Venkatachalam,Nellore,Nellore
Bathalapalle,Dharmavaram,Sri Sathya Sai
Chennekothapalle,Dharmavaram,Sri Sathya Sai
Dharmavaram,Dharmavaram,Sri Sathya Sai
Kanaganapalle,Dharmavaram,Sri Sathya Sai
Mudigubba,Dharmavaram,Sri Sathya Sai
Ramagiri,Dharmavaram,Sri Sathya Sai
Tadimarri,Dharmavaram,Sri Sathya Sai
Gandlapenta,Kadiri,Sri Sathya Sai
Kadiri,Kadiri,Sri Sathya Sai
Lepakshi,Kadiri,Sri Sathya Sai
Nallacheruvu,Kadiri,Sri Sathya Sai
Nambulapulakunta,Kadiri,Sri Sathya Sai
Tanakal,Kadiri,Sri Sathya Sai
Agali,Madakasira,Sri Sathya Sai
Amarapuram,Madakasira,Sri Sathya Sai
Gudibanda,Madakasira,Sri Sathya Sai
Madakasira,Madakasira,Sri Sathya Sai
Rolla,Madakasira,Sri Sathya Sai
Chilamathur,Penukonda,Sri Sathya Sai
Gorantla,Penukonda,Sri Sathya Sai
Hindupur,Penukonda,Sri Sathya Sai
Parigi,Penukonda,Sri Sathya Sai
Penukonda,Penukonda,Sri Sathya Sai
Roddam,Penukonda,Sri Sathya Sai
Somandepalle,Penukonda,Sri Sathya Sai
Talupula,Penukonda,Sri Sathya Sai
Amadagur,Puttaparthi,Sri Sathya Sai
Bukkapatnam,Puttaparthi,Sri Sathya Sai
Kothacheruvu,Puttaparthi,Sri Sathya Sai
Nallamada,Puttaparthi,Sri Sathya Sai
Obuladevaracheruvu,Puttaparthi,Sri Sathya Sai
Puttaparthi,Puttaparthi,Sri Sathya Sai
Ichchapuram,Palasa,Srikakulam
Kanchili,Palasa,Srikakulam
Kaviti,Palasa,Srikakulam
Mandasa,Palasa,Srikakulam
Palasa,Palasa,Srikakulam
Sompeta,Palasa,Srikakulam
Vajrapukothuru,Palasa,Srikakulam
Amadalavalasa,Srikakulam,Srikakulam
Burja,Srikakulam,Srikakulam
Etcherla,Srikakulam,Srikakulam
Ganguvarisigadam,Srikakulam,Srikakulam
Gara,Srikakulam,Srikakulam
Jalumuru,Srikakulam,Srikakulam
Laveru,Srikakulam,Srikakulam
Narasannapeta,Srikakulam,Srikakulam
Polaki,Srikakulam,Srikakulam
Ponduru,Srikakulam,Srikakulam
Ranastalam,Srikakulam,Srikakulam
Sarubujjili,Srikakulam,Srikakulam
Srikakulam,Srikakulam,Srikakulam
Hiramandalam,Tekkali,Srikakulam
Kotabommali,Tekkali,Srikakulam
Kothuru,Tekkali,Srikakulam
Lakshminarsupeta,Tekkali,Srikakulam
Meliaputti,Tekkali,Srikakulam
Nandigam,Tekkali,Srikakulam
Pathapatnam,Tekkali,Srikakulam
Santhabommali,Tekkali,Srikakulam
Saravakota,Tekkali,Srikakulam
Tekkali,Tekkali,Srikakulam
Balayapalli,Srikalahasti,Tirupati
Dakkili,Srikalahasti,Tirupati
K. V. B. Puram,Srikalahasti,Tirupati
Nagalapuram,Srikalahasti,Tirupati
Narayanavanam,Srikalahasti,Tirupati
Pichatur,Srikalahasti,Tirupati
Renigunta,Srikalahasti,Tirupati
Srikalahasti,Srikalahasti,Tirupati
Thottambedu,Srikalahasti,Tirupati
Venkatagiri,Srikalahasti,Tirupati
Yerpedu,Srikalahasti,Tirupati
Buchinaidu Kandriga,Sullurpeta,Tirupati
Chittamur,Sullurpeta,Tirupati
Doravarisatram,Sullurpeta,Tirupati
Naidupeta,Sullurpeta,Tirupati
Ojili,Sullurpeta,Tirupati
Pellakuru,Sullurpeta,Tirupati
Satyavedu,Sullurpeta,Tirupati
Sullurpeta,Sullurpeta,Tirupati
Tada,Sullurpeta,Tirupati
Vakadu,Sullurpeta,Tirupati
Varadaiahpalem,Sullurpeta,Tirupati
Chandragiri,Tirupati,Tirupati
Chinnagottigallu,Tirupati,Tirupati
Chitvel,Tirupati,Tirupati
Kodur,Tirupati,Tirupati
Obulavaripalle,Tirupati,Tirupati
Pakala,Tirupati,Tirupati
Penagalur,Tirupati,Tirupati
Pullampeta,Tirupati,Tirupati
Puttur,Tirupati,Tirupati
Ramachandrapuram,Tirupati,Tirupati
Tirupati Rural,Tirupati,Tirupati
Tirupati Urban,Tirupati,Tirupati
Vadamalapeta,Tirupati,Tirupati
Yerravaripalem,Tirupati,Tirupati
Anandapuram,Bheemunipatnam,Visakhapatnam
Bheemunipatnam,Bheemunipatnam,Visakhapatnam
Padmanabham,Bheemunipatnam,Visakhapatnam
Seethammadhara,Bheemunipatnam,Visakhapatnam
Visakhapatnam Rural,Bheemunipatnam,Visakhapatnam
Gajuwaka,Visakhapatnam,Visakhapatnam
Gopalapatnam,Visakhapatnam,Visakhapatnam
Maharanipeta,Visakhapatnam,Visakhapatnam
Mulagada,Visakhapatnam,Visakhapatnam
Pedagantyada,Visakhapatnam,Visakhapatnam
Pendurthi,Visakhapatnam,Visakhapatnam
Badangi,Bobbili,Vizianagaram
Bobbili,Bobbili,Vizianagaram
Dattirajeru,Bobbili,Vizianagaram
Gajapathinagaram,Bobbili,Vizianagaram
Mentada,Bobbili,Vizianagaram
Ramabhadrapuram,Bobbili,Vizianagaram
Therlam,Bobbili,Vizianagaram
Cheepurupalle,Cheepurupalle,Vizianagaram
Garividi,Cheepurupalle,Vizianagaram
Gurla,Cheepurupalle,Vizianagaram
Merakamudidam,Cheepurupalle,Vizianagaram
Rajam,Cheepurupalle,Vizianagaram
Regidi Amadalavalasa,Cheepurupalle,Vizianagaram
Santhakaviti,Cheepurupalle,Vizianagaram
Vangara,Cheepurupalle,Vizianagaram
Bhogapuram,Vizianagaram,Vizianagaram
Bondapalle,Vizianagaram,Vizianagaram
Denkada,Vizianagaram,Vizianagaram
Gantyada,Vizianagaram,Vizianagaram
Jami,Vizianagaram,Vizianagaram
Kothavalasa,Vizianagaram,Vizianagaram
Lakkavarapukota,Vizianagaram,Vizianagaram
Nellimarla,Vizianagaram,Vizianagaram
Pusapatirega,Vizianagaram,Vizianagaram
Srungavarapukota,Vizianagaram,Vizianagaram
Vepada,Vizianagaram,Vizianagaram
Vizianagaram,Vizianagaram,Vizianagaram
Akividu,Bhimavaram,West Godavari
Bhimavaram,Bhimavaram,West Godavari
Kalla,Bhimavaram,West Godavari
Palacoderu,Bhimavaram,West Godavari
Undi,Bhimavaram,West Godavari
Veeravasaram,Bhimavaram,West Godavari
Achanta,Narasapuram,West Godavari
Mogalthur,Narasapuram,West Godavari
Palakollu,Narasapuram,West Godavari
Penugonda,Narasapuram,West Godavari
Penumantra,Narasapuram,West Godavari
Poduru,Narasapuram,West Godavari
Yelamanchili,Narasapuram,West Godavari
Attili,Tadepalligudem,West Godavari
Ganapavaram,Tadepalligudem,West Godavari
Iragavaram,Tadepalligudem,West Godavari
Pentapadu,Tadepalligudem,West Godavari
Tadepalligudem,Tadepalligudem,West Godavari
Tanuku,Tadepalligudem,West Godavari
Atlur,Badvel,YSR Kadapa
B. Kodur,Badvel,YSR Kadapa
Badvel,Badvel,YSR Kadapa
Brahmamgarimattam,Badvel,YSR Kadapa
Chapad,Badvel,YSR Kadapa
Duvvur,Badvel,YSR Kadapa
Gopavaram,Badvel,YSR Kadapa
Kalasapadu,Badvel,YSR Kadapa
Khajipet,Badvel,YSR Kadapa
Porumamilla,Badvel,YSR Kadapa
S.Mydukur,Badvel,YSR Kadapa
Sri Avadhutha Kasinayana,Badvel,YSR Kadapa
Jammalamadugu,Jammalamadugu,YSR Kadapa
Kondapuram,Jammalamadugu,YSR Kadapa
Muddanur,Jammalamadugu,YSR Kadapa
Mylavaram,Jammalamadugu,YSR Kadapa
Peddamudium,Jammalamadugu,YSR Kadapa
Proddatur,Jammalamadugu,YSR Kadapa
Rajupalem,Jammalamadugu,YSR Kadapa
Chennur,Kadapa,YSR Kadapa
Chinthakommadinne,Kadapa,YSR Kadapa
Kadapa,Kadapa,YSR Kadapa
Kamalapuram,Kadapa,YSR Kadapa
Pendlimarri,Kadapa,YSR Kadapa
Sidhout,Kadapa,YSR Kadapa
Vallur,Kadapa,YSR Kadapa
Vontimitta,Kadapa,YSR Kadapa
Yerraguntla,Kadapa,YSR Kadapa
Chakrayapet,Pulivendula,YSR Kadapa
Lingala,Pulivendula,YSR Kadapa
Pulivendla,Pulivendula,YSR Kadapa
Simhadripuram,Pulivendula,YSR Kadapa
Thondur,Pulivendula,YSR Kadapa
Veerapunayunipalle,Pulivendula,YSR Kadapa
Vempalle,Pulivendula,YSR Kadapa
Vemula,Pulivendula,YSR Kadapa
Nandalur,Rajampeta,YSR Kadapa
Rajampet,Rajampeta,YSR Kadapa
T. Sundupalle,Rajampeta,YSR Kadapa
Veeraballi,Rajampeta,YSR Kadapa
